﻿OBJECTID,CREATE_DATE,UPDATE_DATE,STATUS,STATUS_DATE,SOURCE,SOURCE_DATE,CATEGORY,SUBCATEGORY,TRAFFICCALMINGID,LOCATION_DESCRIPTION,STREET,Shape__Length,MEAN_X,MEAN_Y
1,2012-10-11T12:54:56.000Z,2016-05-11T11:40:14.000Z,ACTIVE,2012-10-11T12:54:56.000Z,ORTHO 2014,2014-04-15T00:00:00.000Z,SPEED HUMP,,4929,NEAR VIEWMONT CLOSE,BRADLEY DR,12.03031427,-80.44295507,43.445013
2,2012-10-11T12:54:56.000Z,2016-05-11T11:46:37.000Z,ACTIVE,2012-10-11T12:54:56.000Z,ORTHO 2014,2014-04-15T00:00:00.000Z,RAISED CROSSWALK,,4930,NEAR BRADLEY PL,BRADLEY DR,11.35815154,-80.44496404,43.44525893
3,2012-10-11T12:54:56.000Z,2013-05-28T15:06:23.000Z,ACTIVE,2012-10-11T12:54:56.000Z,ORTHO 2009,2012-02-26T00:00:00.000Z,SPEED HUMP,,4931,BETWEEN ASKIN PL AND MIDLAND DR,BRADLEY DR,12.01779261,-80.44657745,43.4456257
4,2012-10-11T12:54:56.000Z,2016-05-11T11:52:08.000Z,ACTIVE,2012-10-11T12:54:56.000Z,ORTHO 2009,2012-02-26T00:00:00.000Z,SPEED HUMP,,4932,BETWEEN WOODFERN CRT AND BONFIELD PL,CHANDLER DR,14.11795434,-80.49487719,43.42482171
5,2012-10-11T12:54:56.000Z,2016-05-11T11:53:04.000Z,ACTIVE,2012-10-11T12:54:56.000Z,ORTHO 2014,2014-04-15T00:00:00.000Z,RAISED CROSSWALK,,4933,BETWEEN LEACREST CRT AND MOWAT BLVD,CHANDLER DR,9.760154697,-80.49934378,43.42262508
6,2012-10-11T12:54:56.000Z,2016-05-11T13:20:44.000Z,ACTIVE,2012-10-11T12:54:56.000Z,ORTHO 2014,2014-04-15T00:00:00.000Z,RAISED CROSSWALK,,4934,BETWEEN WESTMOUNT RD W AND MARKWOOD DR,CHOPIN DR,9.800686594,-80.52453416,43.44300005
7,2012-10-11T12:54:56.000Z,2016-05-11T13:20:44.000Z,ACTIVE,2012-10-11T12:54:56.000Z,ORTHO 2014,2014-04-15T00:00:00.000Z,SPEED HUMP,,4935,BETWEEN SIEBERT AVE AND SIEBERT AVE,CLARK AVE,12.05325765,-80.45688283,43.42313583
8,2012-10-11T12:54:56.000Z,2016-05-11T14:04:39.000Z,ACTIVE,2012-10-11T12:54:56.000Z,ORTHO 2014,2014-04-15T00:00:00.000Z,SPEED HUMP,,4936,BETWEEN STIRLING AVE S AND LAKESIDE DR,GREENBROOKE DR,14.53536664,-80.49861741,43.42896063
9,2012-10-11T12:54:56.000Z,2016-05-11T14:04:39.000Z,ACTIVE,2012-10-11T12:54:56.000Z,ORTHO 2014,2014-04-15T00:00:00.000Z,SPEED HUMP,,4937,BETWEEN LAKESIDE DR AND FOREST HILL DR,GREENBROOK DR,14.99989182,-80.50068089,43.42877357
10,2012-10-11T12:54:56.000Z,2016-05-11T14:04:39.000Z,ACTIVE,2012-10-11T12:54:56.000Z,ORTHO 2014,2014-04-15T00:00:00.000Z,SPEED HUMP,,4938,BETWEEN FOREST HILL DR AND FARMBROOK PL,GREENBROOK DR,15.02486191,-80.50285376,43.4285671
11,2012-10-11T12:54:56.000Z,2016-05-11T14:04:39.000Z,ACTIVE,2012-10-11T12:54:56.000Z,ORTHO 2014,2014-04-15T00:00:00.000Z,SPEED HUMP,,4939,BETWEEN FARMBROOK PL AND WESTMOUNT RD E,GREENBROOK DR,15.02622612,-80.50463868,43.42843633
12,2012-10-11T12:54:56.000Z,2016-05-11T14:04:39.000Z,ACTIVE,2012-10-11T12:54:56.000Z,ORTHO 2014,2014-04-15T00:00:00.000Z,SPEED HUMP,,4940,BETWEEN GRAYSTONE AVE AND WARREN RD,GREENBROOK DR,14.66800511,-80.50840685,43.42763008
13,2012-10-11T12:54:56.000Z,2013-05-28T15:40:16.000Z,ACTIVE,2012-10-11T12:54:56.000Z,ORTHO 2009,2012-02-26T00:00:00.000Z,SPEED HUMP,,4941,BETWEEN WARREN RD AND STONEBROOK DR,GREENBROOK DR,14.66003051,-80.51036037,43.42675319
14,2012-10-11T12:54:56.000Z,2016-05-11T14:04:39.000Z,ACTIVE,2012-10-11T12:54:56.000Z,ORTHO 2014,2014-04-15T00:00:00.000Z,SPEED HUMP,,4942,BETWEEN WARREN RD AND STONEBROOK DR,GREENBROOK DR,14.41033613,-80.51150017,43.42569829
15,2012-10-11T12:54:56.000Z,2016-05-11T14:04:39.000Z,ACTIVE,2012-10-11T12:54:56.000Z,ORTHO 2014,2014-04-15T00:00:00.000Z,SPEED HUMP,,4943,BETWEEN BIRCHCLIFF AVE AND RUSKVIEW RD,GREENBROOK DR,14.6948088,-80.51379881,43.42154471
16,2012-10-11T12:54:56.000Z,2016-05-11T14:04:39.000Z,ACTIVE,2012-10-11T12:54:56.000Z,ORTHO 2014,2014-04-15T00:00:00.000Z,SPEED HUMP,,4944,BETWEEN QUEEN ST S AND WEST AVE,HOMEWOOD AVE,9.874773146,-80.49825004,43.44252165
17,2012-10-11T12:54:56.000Z,2016-05-11T14:04:39.000Z,ACTIVE,2012-10-11T12:54:56.000Z,ORTHO 2014,2014-04-15T00:00:00.000Z,SPEED HUMP,,4945,BETWEEN QUEEN ST S AND WEST AVE,HOMEWOOD AVE,9.802482915,-80.50032655,43.44270566
18,2012-10-11T12:54:56.000Z,2016-05-11T14:04:39.000Z,ACTIVE,2012-10-11T12:54:56.000Z,ORTHO 2014,2014-04-15T00:00:00.000Z,SPEED HUMP,,4946,BETWEEN QUEEN ST S AND WEST AVE,HOMEWOOD AVE,9.733178043,-80.50226122,43.44287707
19,2012-10-11T12:54:56.000Z,2016-05-11T14:04:39.000Z,ACTIVE,2012-10-11T12:54:56.000Z,ORTHO 2014,2014-04-15T00:00:00.000Z,SPEED HUMP,,4947,BETWEEN HUBERT ST AND WALKER ST,KINZIE AVE,12.54239687,-80.43730377,43.43258498
20,2012-10-11T12:54:56.000Z,2013-05-28T16:17:20.000Z,ACTIVE,2012-10-11T12:54:56.000Z,ORTHO 2009,2012-02-26T00:00:00.000Z,SPEED HUMP,,4948,BETWEEN GUERIN AVE AND OBERMEYER DR,KINZIE AVE,12.44722707,-80.43506593,43.43388687
21,2012-10-11T12:54:56.000Z,2016-05-11T14:04:39.000Z,ACTIVE,2012-10-11T12:54:56.000Z,ORTHO 2014,2014-04-15T00:00:00.000Z,SPEED HUMP,,4949,BETWEEN OBERMEYER DR AND RUTHERFORD DR,KINZIE AVE ,12.03106786,-80.43433253,43.43465254
22,2012-10-11T12:54:56.000Z,2016-05-11T14:04:39.000Z,ACTIVE,2012-10-11T12:54:56.000Z,ORTHO 2014,2014-04-15T00:00:00.000Z,SPEED HUMP,,4950,BETWEEN WALKER ST AND HAROLD AVE,KINZIE AVE,12.77434725,-80.43612295,43.43326661
23,2012-10-11T12:54:56.000Z,2016-05-11T14:04:39.000Z,ACTIVE,2012-10-11T12:54:56.000Z,ORTHO 2014,2014-04-15T00:00:00.000Z,SPEED HUMP,,4951,BETWEEN EMMA AVE AND GUELPH ST,MOORE AVE,12.43954123,-80.50317256,43.45809435
24,2012-10-11T12:54:56.000Z,2016-05-11T14:04:39.000Z,ACTIVE,2012-10-11T12:54:56.000Z,ORTHO 2014,2014-04-15T00:00:00.000Z,SPEED HUMP,,4952,BETWEEN EMMA AVE AND GUELPH ST,MOORE AVE,13.45745389,-80.50364726,43.45842873
25,2012-10-11T12:54:56.000Z,2016-05-11T14:04:39.000Z,ACTIVE,2012-10-11T12:54:56.000Z,ORTHO 2014,2014-04-15T00:00:00.000Z,SPEED HUMP,,4953,BETWEEN GUELPH ST AND DELISLE AVE,MOORE AVE,13.01197463,-80.5062473,43.45928475
26,2012-10-11T12:54:56.000Z,2016-12-22T15:16:01.000Z,ACTIVE,2012-10-11T12:54:56.000Z,ORTHO 2014,2014-04-15T00:00:00.000Z,SPEED HUMP,,4954,BETWEEN DELISLE AVE AND PELTZ AVE,MOORE AVE,12.61025153,-80.50715634,43.45971653
27,2012-10-11T12:54:56.000Z,2016-05-11T14:10:39.000Z,ACTIVE,2012-10-11T12:54:56.000Z,ORTHO 2014,2014-04-15T00:00:00.000Z,SPEED HUMP,,4955,BETWEEN HOMER WATSON BLVD AND OLD CARRIAGE CRT,OLD CARRIAGE DR,13.77452083,-80.43292704,43.39289108
28,2012-10-11T12:54:56.000Z,2016-05-11T14:10:39.000Z,ACTIVE,2012-10-11T12:54:56.000Z,ORTHO 2014,2014-04-15T00:00:00.000Z,SPEED HUMP,,4956,BETWEEN OLD CARRIAGE CRT AND HOMER WATSON BLVD,OLD CARRIAGE DR,13.46250443,-80.43229743,43.39191269
29,2012-10-11T12:54:56.000Z,2013-05-28T16:17:20.000Z,ACTIVE,2012-10-11T12:54:56.000Z,ORTHO 2009,2012-02-26T00:00:00.000Z,SPEED HUMP,,4957,BETWEEN OLD CARRIAGE CRT AND HOMER WATSON BLVD,OLD CARRIAGE DR,13.72390929,-80.43057787,43.39117305
30,2012-10-11T12:54:56.000Z,2016-05-11T14:20:41.000Z,ACTIVE,2012-10-11T12:54:56.000Z,ORTHO 2014,2014-04-15T00:00:00.000Z,SPEED HUMP,,4958,BETWEEN OLD CARRIAGE CRT AND HOMER WATSON BLVD,OLD CARRIAGE DR,13.38219213,-80.42868217,43.39084163
31,2012-10-11T12:54:56.000Z,2016-05-11T14:56:11.000Z,ACTIVE,2012-10-11T12:54:56.000Z,ORTHO 2014,2014-04-15T00:00:00.000Z,SPEED HUMP,,4959,BETWEEN KING ST E AND CRESCENT ST,ONWARD AVE,12.18318987,-80.47191598,43.44325461
34,2012-10-11T12:54:56.000Z,2016-05-11T14:56:11.000Z,ACTIVE,2012-10-11T12:54:56.000Z,ORTHO 2014,2014-04-15T00:00:00.000Z,SPEED HUMP,,4962,BETWEEN CRESCENT ST AND WEBER ST E,ONWARD AVE,12.94479498,-80.47111032,43.44422727
35,2012-10-11T12:54:56.000Z,2016-05-11T14:56:11.000Z,ACTIVE,2012-10-11T12:54:56.000Z,ORTHO 2014,2014-04-15T00:00:00.000Z,SPEED HUMP,,4963,BETWEEN ROOS ST AND PINNACLE DR,OLD MILL RD,11.09161421,-80.41680344,43.39393272
36,2012-10-11T12:54:56.000Z,2016-05-11T14:56:11.000Z,ACTIVE,2012-10-11T12:54:56.000Z,ORTHO 2014,2014-04-15T00:00:00.000Z,SPEED HUMP,,4964,BETWEEN SYDENHAM ST AND DOON VALLEY DR,OLD MILL RD,11.75785664,-80.4103915,43.393397
37,2012-10-11T12:54:56.000Z,2016-05-11T14:56:11.000Z,ACTIVE,2012-10-11T12:54:56.000Z,ORTHO 2014,2014-04-15T00:00:00.000Z,SPEED HUMP,,4965,BETWEEN SYDENHAM ST AND DOON VALLEY DR,OLD MILL RD,12.25541483,-80.40760282,43.39307298
38,2012-10-11T12:54:56.000Z,2016-05-11T14:56:11.000Z,ACTIVE,2012-10-11T12:54:56.000Z,ORTHO 2014,2014-04-15T00:00:00.000Z,RAISED CROSSWALK,,4966,BETWEEN LUCERNE DR AND ROBERTS CRES,KINGSWOOD DR,10.21799636,-80.48423752,43.42152127
39,2012-10-11T12:54:56.000Z,2016-05-11T14:56:11.000Z,ACTIVE,2012-10-11T12:54:56.000Z,ORTHO 2014,2014-04-15T00:00:00.000Z,SPEED HUMP,,4967,BETWEEN ROBERTS CRES AND ROBERTS CRES,KINGSWOOD DR,14.61185968,-80.48291175,43.42253862
40,2012-10-11T12:54:56.000Z,2016-05-11T14:56:11.000Z,ACTIVE,2012-10-11T12:54:56.000Z,ORTHO 2014,2014-04-15T00:00:00.000Z,SPEED HUMP,,4968,BETWEEN APPALACHIAN CRES AND APPALACHIAN CRES,KINGSWOOD DR,14.29630919,-80.48115209,43.42315402
41,2012-10-11T12:54:56.000Z,2016-05-11T14:56:11.000Z,ACTIVE,2012-10-11T12:54:56.000Z,ORTHO 2014,2014-04-15T00:00:00.000Z,SPEED HUMP,,4969,BETWEEN APPALACHIAN CRES AND ALPINE RD,KINGSWOOD DR,13.79814774,-80.47981165,43.4226682
42,2012-10-11T12:54:56.000Z,2016-05-11T14:56:11.000Z,ACTIVE,2012-10-11T12:54:56.000Z,ORTHO 2009,2012-02-26T00:00:00.000Z,SPEED HUMP,,4970,BETWEEN ALPINE RD AND GRACEFIELD CRES,KINGSWOOD DR,13.86624551,-80.47719763,43.42152793
43,2012-10-11T12:54:56.000Z,2016-05-11T14:56:11.000Z,ACTIVE,2012-10-11T12:54:56.000Z,ORTHO 2014,2014-04-15T00:00:00.000Z,SPEED HUMP,,4971,BETWEEN ALPINE RD AND GRACEFIELD CRES,KINGSWOOD DR,13.91777668,-80.47543306,43.42112497
44,2012-10-11T12:54:56.000Z,2016-05-11T14:56:11.000Z,ACTIVE,2012-10-11T12:54:56.000Z,ORTHO 2014,2014-04-15T00:00:00.000Z,RAISED CROSSWALK,,4972,BETWEEN GRACEFIELD CRES AND SELKIRK DR,KINGSWOOD DR,9.491834184,-80.47479149,43.41961812
45,2012-10-11T12:54:56.000Z,2016-05-11T14:59:23.000Z,ACTIVE,2012-10-11T12:54:56.000Z,ORTHO 2014,2014-04-15T00:00:00.000Z,SPEED HUMP,,4973,BETWEEN SELKIRK DR AND BLOCK LINE RD,KINGSWOOD DR,13.99665653,-80.4740887,43.41859855
46,2012-10-11T12:54:56.000Z,2016-05-17T15:43:29.000Z,ACTIVE,2012-10-11T12:54:56.000Z,ORTHO 2014,2014-04-15T00:00:00.000Z,RAISED CROSSWALK,,4974,BETWEEN FAIRWAY RD N AND SOUTHILL DR,MORGAN AVE,9.306815245,-80.42929993,43.42886839
47,2012-10-11T12:54:56.000Z,2016-05-11T16:06:16.000Z,ACTIVE,2012-10-11T12:54:56.000Z,ORTHO 2014,2014-04-15T00:00:00.000Z,RAISED CROSSWALK,,4975,BETWEEN BERWICK PL AND RIVER RD E,MORGAN AVE,10.55595479,-80.42150942,43.42739369
48,2012-10-11T12:54:56.000Z,2016-05-11T16:06:16.000Z,ACTIVE,2012-10-11T12:54:56.000Z,ORTHO 2014,2014-04-15T00:00:00.000Z,RAISED CROSSWALK,,4976,BETWEEN CARTIER DR AND HOWLAND DR,LAURENTIAN DR,9.214846254,-80.49680293,43.41825785
49,2012-10-11T12:54:56.000Z,2016-05-11T16:06:16.000Z,ACTIVE,2012-10-11T12:54:56.000Z,ORTHO 2014,2014-04-15T00:00:00.000Z,SPEED HUMP,,4977,BETWEEN HARBER AVE AND BROADMOOR AVE,CLARK AVE,12.23860854,-80.45655618,43.42723412
50,2012-10-11T12:54:56.000Z,2016-05-11T16:06:16.000Z,ACTIVE,2012-10-11T12:54:56.000Z,ORTHO 2014,2014-04-15T00:00:00.000Z,SPEED HUMP,,4978,BETWEEN HARBER AVE AND BROADMOOR AVE,CLARK AVE,12.05667529,-80.45754783,43.42625679
51,2012-10-11T12:54:56.000Z,2016-05-11T16:06:16.000Z,ACTIVE,2012-10-11T12:54:56.000Z,ORTHO 2014,2014-04-15T00:00:00.000Z,SPEED HUMP,,4979,BETWEEN BROADMOOR AVE AND SIEBERT AVE,CLARK AVE,12.33246242,-80.45830944,43.42545702
52,2012-10-11T12:54:56.000Z,2016-05-11T16:06:16.000Z,ACTIVE,2012-10-11T12:54:56.000Z,ORTHO 2014,2014-04-15T00:00:00.000Z,SPEED HUMP,,4980,BETWEEN SIEBERT AVE AND SIEBERT AVE,CLARK AVE,11.8087587,-80.45801368,43.42417789
53,2012-10-11T12:54:56.000Z,2016-05-11T16:06:16.000Z,ACTIVE,2012-10-11T12:54:56.000Z,ORTHO 2014,2014-04-15T00:00:00.000Z,SPEED HUMP,,4981,BETWEEN BIRCHCLIFF AVE AND RUSKVIEW RD,GREENBROOK DR,14.38145908,-80.51245684,43.4227699
54,2012-10-11T12:54:56.000Z,2016-05-11T16:06:16.000Z,ACTIVE,2012-10-11T12:54:56.000Z,ORTHO 2014,2014-04-15T00:00:00.000Z,SPEED HUMP,,4982,BETWEEN HALIFAX DR AND KEEWATIN AVE,HERITAGE DR,12.20275943,-80.44246364,43.46376535
55,2012-10-11T12:54:56.000Z,2016-05-11T16:06:16.000Z,ACTIVE,2012-10-11T12:54:56.000Z,ORTHO 2014,2014-04-15T00:00:00.000Z,SPEED HUMP,,4983,BETWEEN KEEWATIN AVE AND LORRAINE AVE,HERITAGE DR,11.91932392,-80.44165286,43.46302104
56,2012-10-11T12:54:56.000Z,2016-05-11T16:06:16.000Z,ACTIVE,2012-10-11T12:54:56.000Z,ORTHO 2014,2014-04-15T00:00:00.000Z,SPEED HUMP,,4984,BETWEEN KEEWATIN AVE AND LORRAINE AVE,HERITAGE DR,12.15766638,-80.4406387,43.46209563
57,2012-10-11T12:54:56.000Z,2016-05-17T14:42:29.000Z,ACTIVE,2012-10-11T12:54:56.000Z,SWOOP 2010,2012-02-27T00:00:00.000Z,SPEED HUMP,,4985,BETWEEN OAKHURST CRES AND INDIAN RD,HERITAGE DR,11.97856415,-80.43844974,43.46009051
58,2012-10-11T12:54:56.000Z,2016-05-17T14:42:29.000Z,ACTIVE,2012-10-11T12:54:56.000Z,SWOOP 2010,2012-02-27T00:00:00.000Z,SPEED HUMP,,4986,BETWEEN OAKHURST CRES AND INDIAN RD,HERITAGE DR,12.24419087,-80.43715078,43.45890456
59,2012-10-11T12:54:56.000Z,2016-05-17T14:42:29.000Z,ACTIVE,2012-10-11T12:54:56.000Z,ORTHO 2014,2014-04-15T00:00:00.000Z,SPEED HUMP,,4987,BETWEEN OAKHURST CRES AND OTTAWA ST N,HERITAGE DR,13.31691479,-80.43588257,43.45775075
60,2012-10-11T12:54:56.000Z,2016-05-17T14:42:29.000Z,ACTIVE,2012-10-11T12:54:56.000Z,ORTHO 2014,2014-04-15T00:00:00.000Z,SPEED HUMP,,4988,BETWEEN OAKHURST CRES AND OTTAWA ST N,HERITAGE DR,10.104465,-80.43480829,43.45677257
62,2012-10-11T12:54:56.000Z,2016-05-17T14:42:29.000Z,ACTIVE,2012-10-11T12:54:56.000Z,SWOOP 2010,2012-02-27T00:00:00.000Z,SPEED HUMP,,4990,BETWEEN WESTMOUNT RD E AND DARCY PL,LAURENTIAN DR,14.00326702,-80.49919711,43.41745567
63,2012-10-11T12:54:56.000Z,2016-05-17T14:52:49.000Z,ACTIVE,2012-10-11T12:54:56.000Z,ORTHO 2014,2014-04-15T00:00:00.000Z,SPEED HUMP,,4991,BETWEEN SHEA CRES AND DUNSMERE DR,LAURENTIAN DR,14.0927949,-80.4941941,43.41778074
64,2012-10-11T12:54:56.000Z,2016-05-17T15:20:23.000Z,ACTIVE,2012-10-11T12:54:56.000Z,SWOOP 2010,2012-02-27T00:00:00.000Z,SPEED HUMP,,4992,BETWEEN ROSENEATH CRES AND BLACKHORNE DR,LAURENTIAN DR,13.83282761,-80.49300492,43.41574128
65,2012-10-11T12:54:56.000Z,2016-05-17T15:43:29.000Z,ACTIVE,2012-10-11T12:54:56.000Z,ORTHO 2014,2014-04-15T00:00:00.000Z,SPEED HUMP,,4993,BETWEEN BLACKHORNE DR AND BRIAR KNOLL DR,LAURENTIAN DR,13.65799313,-80.49251179,43.41510459
66,2012-10-11T12:54:56.000Z,2016-05-17T15:43:29.000Z,ACTIVE,2012-10-11T12:54:56.000Z,SWOOP 2010,2012-02-27T00:00:00.000Z,SPEED HUMP,,4994,BETWEEN BRIAR KNOLL DR AND RADCLIFFE DR,LAURENTIAN DR,13.47357276,-80.49215677,43.41364921
67,2012-10-11T12:54:56.000Z,2016-05-17T15:43:29.000Z,ACTIVE,2012-10-11T12:54:56.000Z,SWOOP 2010,2012-02-27T00:00:00.000Z,SPEED HUMP,,4995,BETWEEN FAIRWAY RD N AND SOUTHILL DR,MORGAN AVE,12.07208478,-80.43044789,43.42945201
68,2012-10-11T12:54:56.000Z,2016-05-17T16:12:34.000Z,ACTIVE,2012-10-11T12:54:56.000Z,ORTHO 2014,2014-04-15T00:00:00.000Z,SPEED HUMP,,4996,BETWEEN SOUTHILL DR AND PEPPERWOOD CRES,MORGAN AVE,12.30270555,-80.42744004,43.42813632
69,2012-10-11T12:54:56.000Z,2016-05-17T16:12:34.000Z,ACTIVE,2012-10-11T12:54:56.000Z,ORTHO 2014,2014-04-15T00:00:00.000Z,SPEED HUMP,,4997,BETWEEN PEPPERWOOD CRES AND PEPPERWOOD CRES,MORGAN AVE,12.12045283,-80.42612374,43.42770663
70,2012-10-11T12:54:56.000Z,2016-05-18T09:33:33.000Z,ACTIVE,2012-10-11T12:54:56.000Z,ORTHO 2014,2014-04-15T00:00:00.000Z,SPEED HUMP,,4998,BETWEEN GREENDALE CRES AND GREENDALE CRES,MORGAN AVE,12.12171023,-80.4243215,43.42716338
71,2012-10-11T12:54:56.000Z,2016-05-18T09:33:33.000Z,ACTIVE,2012-10-11T12:54:56.000Z,ORTHO 2014,2014-04-15T00:00:00.000Z,SPEED HUMP,,4999,BETWEEN GREENDALE CRES AND BERWICK PL,MORGAN AVE,12.16235964,-80.42288825,43.42688362
72,2012-10-11T12:54:56.000Z,2016-05-18T09:33:33.000Z,ACTIVE,2012-10-11T12:54:56.000Z,ORTHO 2014,2014-04-15T00:00:00.000Z,SPEED HUMP,,5000,BETWEEN BELWOOD CRES AND BALFOUR CRES,TRAYNOR AVE,12.2257392,-80.44790962,43.42292261
73,2012-10-11T12:54:56.000Z,2016-05-18T09:33:33.000Z,ACTIVE,2012-10-11T12:54:56.000Z,SWOOP 2010,2012-02-27T00:00:00.000Z,SPEED HUMP,,5001,BETWEEN BALFOUR CRES AND BELWOOD CRES ,TRAYNOR AVE,11.79583536,-80.44953321,43.42205825
74,2012-10-11T12:54:56.000Z,2016-05-18T09:33:33.000Z,ACTIVE,2012-10-11T12:54:56.000Z,SWOOP 2010,2012-02-27T00:00:00.000Z,SPEED HUMP,,5002,BETWEEN BALFOUR CRES AND BELWOOD CRES,TRAYNOR AVE,11.86434267,-80.45090397,43.42144316
75,2012-10-11T12:54:56.000Z,2016-05-18T09:33:33.000Z,ACTIVE,2012-10-11T12:54:56.000Z,ORTHO 2014,2014-04-15T00:00:00.000Z,SPEED HUMP,,5003,BETWEEN REYBURN AVE AND VANIER DR ,TRAYNOR AVE,14.46160904,-80.45282095,43.42112844
76,2012-10-11T12:54:56.000Z,2016-05-18T09:33:33.000Z,ACTIVE,2012-10-11T12:54:56.000Z,ORTHO 2014,2014-04-15T00:00:00.000Z,SPEED HUMP,,5004,BETWEEN REYBURN AVE AND VANIER DR,TRAYNOR AVE,14.45572808,-80.45425471,43.42078821
77,2012-10-11T12:54:56.000Z,2016-05-18T10:16:39.000Z,ACTIVE,2012-10-11T12:54:56.000Z,ORTHO 2014,2014-04-15T00:00:00.000Z,SPEED HUMP,,5005,BETWEEN TRAYNOR AVE SIEBERT AVE,VANIER DR,14.52957106,-80.45570576,43.4207878
78,2012-10-11T12:54:56.000Z,2016-05-18T10:32:11.000Z,ACTIVE,2012-10-11T12:54:56.000Z,ORTHO 2014,2014-04-15T00:00:00.000Z,SPEED HUMP,,5006,BETWEEN GREEN VALLEY DR AND MORNINGVIEW PL,MILL PARK DR,9.346330107,-80.42186764,43.39592354
79,2012-10-11T12:54:56.000Z,2016-05-18T10:48:13.000Z,ACTIVE,2012-10-11T12:54:56.000Z,ORTHO 2014,2014-04-15T00:00:00.000Z,RAISED CROSSWALK,,5007,BETWEEN SHEA CRES AND DUNSMERE DR,LAURENTIAN DR,9.167852327,-80.49377105,43.41676842
80,2012-10-11T12:54:56.000Z,2016-05-18T11:50:53.000Z,ACTIVE,2012-10-11T12:54:56.000Z,ORTHO 2014,2014-04-15T00:00:00.000Z,SPEED HUMP,,5008,BETWEEN SIEBERT AVE AND SHELLEY DR,VANIER DR,14.38758458,-80.45761122,43.42254095
81,2012-10-11T12:54:56.000Z,2016-05-18T11:50:53.000Z,ACTIVE,2012-10-11T12:54:56.000Z,TRAFFIC STAFF,2012-03-20T00:00:00.000Z,SPEED HUMP,,5009,BETWEEN SIEBERT AVE AND SHELLEY DR,VANIER DR,14.4201689,-80.45880228,43.42363714
82,2012-10-11T12:54:56.000Z,2016-05-18T11:50:53.000Z,ACTIVE,2012-10-11T12:54:56.000Z,ORTHO 2014,2014-04-15T00:00:00.000Z,SPEED HUMP,,5010,BETWEEN SHELLEY DR AND MASSEY AVE,VANIER DR,14.43076917,-80.4609532,43.42561739
83,2012-10-11T12:54:56.000Z,2016-05-18T11:50:53.000Z,ACTIVE,2012-10-11T12:54:56.000Z,ORTHO 2014,2014-04-15T00:00:00.000Z,SPEED HUMP,,5011,BETWEEN MASSEY AVE AND ERIE AVE,VANIER DR,14.72635744,-80.46210072,43.42667691
84,2012-10-11T12:54:56.000Z,2016-05-18T11:50:53.000Z,ACTIVE,2012-10-11T12:54:56.000Z,TRAFFIC STAFF,2012-03-20T00:00:00.000Z,SPEED HUMP,,5012,BETWEEN ERIE AVE AND WALTON AVE,VANIER DR,14.78826218,-80.46324413,43.42773258
85,2012-10-11T12:54:56.000Z,2016-05-18T11:50:53.000Z,ACTIVE,2012-10-11T12:54:56.000Z,TRAFFIC STAFF,2012-03-20T00:00:00.000Z,SPEED HUMP,,5013,BETWEEN CAYLEY CRT AND COURLTLAND AVE,CARWOOD AVE,11.96471868,-80.47065988,43.43330543
86,2012-10-11T12:54:56.000Z,2016-05-18T15:57:37.000Z,ACTIVE,2012-10-11T12:54:56.000Z,ORTHO 2014,2014-04-15T00:00:00.000Z,SPEED HUMP,,5014,BETWEEN DIXON ST AND CAYLEY CRT,CARWOOD AVE,12.30950699,-80.46847419,43.43253908
87,2012-10-11T12:54:56.000Z,2016-05-18T15:57:37.000Z,ACTIVE,2012-10-11T12:54:56.000Z,ORTHO 2014,2014-04-15T00:00:00.000Z,SPEED HUMP,,5015,BETWEEN CARWOOD AVE AND CARLIN AVE,DIXON ST,11.49844356,-80.46473595,43.43170002
88,2012-10-11T12:54:56.000Z,2016-05-18T15:57:37.000Z,ACTIVE,2012-10-11T12:54:56.000Z,ORTHO 2014,2014-04-15T00:00:00.000Z,RAISED CROSSWALK,,5016,BETWEEN CARWOOD AVE AND CARLIN AVE,DIXON ST,8.747602348,-80.46348088,43.43183591
89,2012-10-11T12:54:56.000Z,2016-05-18T16:28:39.000Z,ACTIVE,2012-10-11T12:54:56.000Z,ORTHO 2014,2014-04-15T00:00:00.000Z,SPEED HUMP,,5017,BETWEEN CARLIN AVE AND PLYMOUTH RD,DIXON ST,11.64413757,-80.46185586,43.43201467
90,2012-10-11T12:54:56.000Z,2016-05-18T16:28:39.000Z,ACTIVE,2012-10-11T12:54:56.000Z,ORTHO 2014,2014-04-15T00:00:00.000Z,SPEED HUMP,,5018,BETWEEN PLYMOUTH RD AND ECKERT ST,DIXON ST,12.38188793,-80.45965776,43.4331318
91,2012-10-11T12:54:56.000Z,2016-05-18T16:28:39.000Z,ACTIVE,2015-05-04T11:34:38.000Z,ORTHO 2014,2014-04-15T00:00:00.000Z,RAISED CROSSWALK,,5019,BETWEEN DOON VILLAGE RD AND FARRIER DR,UPPER CANADA DR,10.82938079,-80.4440278,43.39753036
92,2012-10-11T12:54:56.000Z,2016-05-18T16:28:39.000Z,ACTIVE,2012-10-11T12:54:56.000Z,ORTHO 2014,2014-04-15T00:00:00.000Z,SPEED HUMP,,5020,BETWEEN DOON VILLAGE RD AND FARRIER DR (#76),UPPER CANADA DR,13.82804937,-80.44314886,43.39767698
321,2013-05-28T11:48:17.000Z,2016-05-18T16:28:39.000Z,ACTIVE,2012-04-15T00:00:00.000Z,ORTHO 2014,2014-04-15T00:00:00.000Z,SPEED HUMP,,6585,BETWEEN COBBLESTONE ST AND PATHFINDER CRES,BECHTEL DR,14.08004867,-80.44187313,43.39079054
322,2013-05-28T11:50:15.000Z,2016-05-18T16:28:39.000Z,ACTIVE,2012-04-15T00:00:00.000Z,ORTHO 2014,2014-04-15T00:00:00.000Z,SPEED HUMP,,6586,BETWEEN PATHFINDER CRES AND ANVIL ST,BECHTEL DR,13.80819751,-80.44386631,43.39023506
323,2013-05-28T11:52:25.000Z,2016-05-18T16:28:39.000Z,ACTIVE,2013-05-28T11:52:25.000Z,ORTHO 2014,2014-04-15T00:00:00.000Z,RAISED CROSSWALK,,6587,BETWEEN ANVIL ST AND SABRINA CRES,BECHTEL DR,10.5109875,-80.44480506,43.3899735
324,2013-05-28T11:59:35.000Z,2013-05-28T11:59:55.000Z,ACTIVE,2013-05-28T11:59:35.000Z,2012 ORTHO,2012-04-15T00:00:00.000Z,SPEED HUMP,,6588,BETWEEN SABRINA CRES AND SABRINA CRES,BECHTEL DR,13.87853604,-80.44643829,43.38951571
325,2013-05-28T12:00:14.000Z,2016-05-25T11:30:09.000Z,ACTIVE,2013-05-28T12:00:14.000Z,ORTHO 2014,2014-04-15T00:00:00.000Z,SPEED HUMP,,6589,BETWEEN SABRINA CRES AND WHEATFIELD CRES,BECHTEL DR,13.86911357,-80.44861611,43.3892407
326,2013-05-28T12:01:00.000Z,2013-05-28T12:01:19.000Z,ACTIVE,2013-05-28T12:01:00.000Z,2012 ORTHO,2012-04-15T00:00:00.000Z,SPEED HUMP,,6590,BETWEEN WHEATFIELD CRES AND PIONEER DR,BECHTEL DR,14.03835196,-80.45010867,43.39023227
327,2013-05-28T12:04:10.000Z,2016-05-25T11:30:09.000Z,ACTIVE,2013-05-28T12:04:10.000Z,ORTHO 2014,2014-04-15T00:00:00.000Z,RAISED CROSSWALK,,6591,BETWEEN NATHANIEL CRES AND NATHANIEL CRES,PIONEER DR,10.8027411,-80.4495152,43.39303411
329,2013-05-28T12:21:54.000Z,2016-05-25T11:56:45.000Z,ACTIVE,2013-05-28T12:21:54.000Z,ORTHO 2014,2014-04-15T00:00:00.000Z,SPEED HUMP,,6593,BETWEEN VINTAGE CRES AND DOON VILLAGE RD,PIONEER DR,9.967580407,-80.44711407,43.39475318
330,2013-05-28T12:23:18.000Z,2016-05-25T11:56:45.000Z,ACTIVE,2013-05-28T12:23:18.000Z,ORTHO 2014,2014-04-15T00:00:00.000Z,SPEED HUMP,,6594,BETWEEN NATHANIEL CRES AND PERIN PL,PIONEER DR,10.03304222,-80.44855118,43.39400088
335,2013-06-05T12:33:56.000Z,2016-05-25T11:56:45.000Z,ACTIVE,2013-06-05T12:33:56.000Z,ORTHO 2014,2014-04-15T00:00:00.000Z,SPEED HUMP,,6599,BETWEEN WATER ST S AND JUBILEE DR,WATER ST S,5.653577728,-80.49705789,43.44783413
336,2013-06-05T12:34:04.000Z,2016-05-25T11:56:45.000Z,ACTIVE,2013-06-05T12:34:04.000Z,ORTHO 2014,2014-04-15T00:00:00.000Z,SPEED HUMP,,6600,BETWEEN WATER ST S AND JUBILEE DR,WATER ST S,5.736356383,-80.49756154,43.44765463
641,2013-07-29T15:56:58.000Z,2016-05-25T13:34:55.000Z,ACTIVE,2013-07-29T00:00:00.000Z,ORTHO 2014,2014-04-15T00:00:00.000Z,SPEED HUMP,,6809,BETWEEN OAKHURST CRES AND OTTAWA ST N,HERITAGE DR,11.6119836,-80.43368982,43.45574669
961,2014-12-22T11:51:57.000Z,2016-05-25T13:34:55.000Z,ACTIVE,2014-12-22T00:00:00.000Z,ORTHO 2014,2014-04-01T00:00:00.000Z,SPEED HUMP,,42355,SYDNEY ST S AT BEDFORD RD,SYDNEY ST S,12.06807929,-80.47418635,43.43681188
962,2015-05-04T11:37:17.000Z,2016-05-25T13:34:55.000Z,ACTIVE,2015-05-04T11:37:17.000Z,ORTHO 2014,2015-05-04T00:00:00.000Z,SPEED HUMP,,43095,BETWEEN CHERRY HILL DR AND CEDARHILL CRES,"COUNTRY HILL DR
COUNTRY HILL DR",14.14700259,-80.47461509,43.4156193
963,2015-05-04T11:39:21.000Z,2016-05-25T14:22:36.000Z,ACTIVE,2015-05-04T11:39:21.000Z,ORTHO 2014,2015-05-04T00:00:00.000Z,RAISED CROSSWALK,,43096,BETWEEN OLD COUNTRY DR AND COACH HILL DR,"COUNTRY HILL DR
",11.1131741,-80.47123654,43.41408989
964,2015-05-04T11:41:13.000Z,2016-05-25T14:22:36.000Z,ACTIVE,2015-05-04T11:41:13.000Z,ORTHO 2014,2015-05-04T00:00:00.000Z,SPEED HUMP,,43097,"BETWEEN COACH HILL DR AND FOUR SEASONS CT
BETWEEN COACH HILL DR AND FOUR SEASONS CRT",COUNTRY HILL DR,13.56641982,-80.46756423,43.41374458
965,2015-05-04T11:44:15.000Z,2016-05-25T14:22:36.000Z,ACTIVE,2015-05-04T11:44:15.000Z,ORTHO 2014,2015-05-04T00:00:00.000Z,SPEED HUMP,,43098,BETWEEN FOUR SEASONS CRT AND MARTINGLEN CRES,COUNTRY HILL DR,13.65035943,-80.46658693,43.41256699
1281,2015-06-25T08:09:46.000Z,2018-10-23T09:45:38.000Z,ACTIVE,2018-10-23T09:45:38.000Z,ORTHO 2018,2015-06-05T00:00:00.000Z,RAISED CROSSWALK,,43535,BETWEEN BENT WILLOW DR AND SUGAR MAPLE ST,HIGHVIEW DR,13.43032714,-80.54751663,43.41564231
1282,2015-06-25T08:10:01.000Z,2017-01-18T11:52:32.000Z,ACTIVE,2017-01-18T11:52:32.000Z,ORTHO 2016,2016-05-10T00:00:00.000Z,RAISED CROSSWALK,,43536,BETWEEN HODDLE CRES AND CEDAR CREST ST,YELLOW BIRCH DR,11.18686395,-80.54383574,43.41188698
1921,2016-06-28T15:53:00.000Z,2016-06-28T15:56:39.000Z,ACTIVE,2016-06-28T15:53:00.000Z,ORTHO 2014,2014-04-15T00:00:00.000Z,SPEED HUMP,,56300,AT WILSON PUBLIC SCHOOL,HARBER AVE,12.14189939,-80.45507027,43.42607619
2241,2016-08-11T10:46:10.000Z,2018-10-23T09:45:38.000Z,ACTIVE,2018-10-23T09:45:38.000Z,ORTHO 2018,2016-06-01T00:00:00.000Z,SPEED HUMP,,56918,BETWEEN QUINTE CRES AND GRAND RIVER BLVD,MORRISON RD,12.14444317,-80.41645792,43.43007746
2561,2018-10-23T09:45:20.000Z,2018-10-23T23:31:47.000Z,ACTIVE,2018-10-23T09:45:20.000Z,ORTHO 2018,2017-06-01T00:00:00.000Z,SPEED CUSHION,,62336,BOTTOM OF HILL NEAR KNELL DR,GLASGOW ST,8.257441031,-80.53512429,43.44554214
2881,2018-10-25T10:17:23.000Z,2018-10-25T10:48:29.000Z,ACTIVE,2018-10-25T10:17:23.000Z,,,RAISED CROSSWALK,,62338,BETWEEN ROSEBANK CRES AND JULIA CRES,RITTENHOUSE RD,14.75192274,-80.49130022,43.40800619
2882,2018-10-25T10:23:34.000Z,2018-10-25T10:48:29.000Z,ACTIVE,2018-10-25T10:23:34.000Z,,,RAISED CROSSWALK,,62339,BETWEEN PARKVALE CRT AND BIANCE CRT,PARKVALE DR,14.38422128,-80.48149169,43.38960288
2883,2018-10-25T10:26:20.000Z,2018-10-25T10:48:29.000Z,ACTIVE,2018-10-25T10:26:20.000Z,,,SPEED HUMP,,62340,BETWEEN MORRISON ROAD AND WATERBEND CRES,SIMS ESTATE DR,14.19083241,-80.41276188,43.43849717
2885,2018-10-25T10:28:04.000Z,2018-10-25T10:48:29.000Z,ACTIVE,2018-10-25T10:28:04.000Z,,,SPEED HUMP,,62342,BETWEEN WILLIAM LEWIS ST AND TREMAINE DR,"	SPEED HUMP	SIMS ESTATE DR	BETWEEN WILLIAM LEWIS ST AND TREMAINE DR	ACTIVE	TRAFFIC STAFF	2018-10-23	",13.86994369,-80.40941682,43.44064588
2886,2018-10-25T10:29:34.000Z,2018-10-25T10:48:29.000Z,ACTIVE,2018-10-25T10:29:34.000Z,,,SPEED HUMP,,62343,BETWEEN OLD CHICOPEE TRL AND WRENWOOD PL,DAIMLER DR,13.8641552,-80.42834154,43.44291529
2887,2018-10-25T10:31:29.000Z,2018-10-25T10:48:29.000Z,ACTIVE,2018-10-25T10:31:29.000Z,,,SPEED HUMP,,62344,BETWEEN IDLE CREEK DR AND CORFIELD DR,DAIMLER DR,14.93477284,-80.42334605,43.4437075
2888,2018-10-25T10:32:32.000Z,2018-10-25T10:48:29.000Z,ACTIVE,2018-10-25T10:32:32.000Z,,,SPEED HUMP,,62345,BETWEEN CORFIELD DR AND ROLLING ACRES DR,DAIMLER DR,13.11283587,-80.42214771,43.44531065
2889,2018-10-25T10:34:05.000Z,2018-10-25T10:48:29.000Z,ACTIVE,2018-10-25T10:34:05.000Z,,,SPEED HUMP,,62346,BETWEEN ACTIVA AVE AND BRIDLEWREATH ST,MAX BECKER DR,14.23435127,-80.51259726,43.4061249
2890,2018-10-25T10:35:23.000Z,2018-10-25T10:48:29.000Z,ACTIVE,2018-10-25T10:35:23.000Z,,,RAISED CROSSWALK,,62347,BETWEEN BRISBANE DR AND ANASTASIA DR,FALLOWFIELD DR,13.53009538,-80.46167867,43.41614231
2891,2018-10-25T10:36:40.000Z,2018-10-25T10:48:29.000Z,ACTIVE,2018-10-25T10:36:40.000Z,,,RAISED CROSSWALK,,62348,BETWEEN PINE VALLEY DR AND SUGARMILL CRT,DOON MILLS DR,13.84769519,-80.43040809,43.38503553
2892,2018-10-25T10:38:07.000Z,2018-10-25T10:48:29.000Z,ACTIVE,2018-10-25T10:38:07.000Z,,,RAISED CROSSWALK,,62349,BETWEEN KING ST E AND MANOR DR,MORRISON RD,9.802721021,-80.41332249,43.42606623
2893,2018-10-25T10:39:36.000Z,2018-10-25T10:48:29.000Z,ACTIVE,2018-10-25T10:39:36.000Z,,,SPEED CUSHION,,62350,BETWEEN QUINTE CRES AND GRAND RIVER BLVD,MORRISON RD,12.60531295,-80.4162434,43.43114
2894,2018-10-25T10:40:17.000Z,2018-10-25T10:48:29.000Z,ACTIVE,2018-10-25T10:40:17.000Z,,,SPEED CUSHION,,62351,BETWEEN SIMS ESTATE DR AND QUINTE CRES,MORRISON RD,12.4450414,-80.41546762,43.43155201
2895,2018-10-25T10:41:23.000Z,2018-10-25T10:48:29.000Z,ACTIVE,2018-10-25T10:41:23.000Z,,,SPEED CUSHION,,62352,BETWEEN QUINTE CRES AND GRAND RIVER BLVD,MORRISON RD,12.89877952,-80.41554583,43.42902883
2896,2018-10-25T10:44:04.000Z,2018-10-25T10:48:29.000Z,ACTIVE,2018-10-25T10:44:04.000Z,,,CENTRE MEDIAN,,62353,BETWEEN DIXON ST AND CAYLEY CRT,CARWOOD AVE,9.067061747,-80.46770627,43.43182617
2897,2018-10-25T10:46:32.000Z,2018-10-25T10:48:29.000Z,ACTIVE,2018-10-25T10:46:32.000Z,,,SPEED CUSHION,,62354,BETWEEN WESTWOOD DR AND KNELL DR,GLASGOW ST,8.913333581,-80.53867355,43.44431118
2898,2018-10-25T10:47:46.000Z,2018-10-25T10:48:29.000Z,ACTIVE,2018-10-25T10:47:46.000Z,,,CENTRE MEDIAN,,62355,BETWEEN BROOKFIELD CRES AND TUERR DR,RITTENHOUSE RD,30.39127668,-80.48251932,43.41093502
3202,2019-02-13T09:23:20.000Z,2019-10-18T16:36:30.000Z,ACTIVE,2019-10-18T16:36:30.000Z,ORTHO 2019,2019-02-13T00:00:00.000Z,SPEED HUMP,,63135,BETWEEN NYBERG ST TO DELTA ST,SYDNET ST S,13.12700075,-80.47237051,43.43869413
