<?xml version="1.0" encoding="UTF-8"?>
<metadata xml:lang="en"><Esri><CreaDate>20191127</CreaDate><CreaTime>08373800</CreaTime><ArcGISFormat>1.0</ArcGISFormat><SyncOnce>FALSE</SyncOnce><DataProperties><itemProps><itemName Sync="TRUE">Traffic_Collisions</itemName><imsContentType Sync="TRUE">002</imsContentType><itemSize Sync="TRUE">0.000</itemSize><itemLocation><linkage Sync="TRUE">file://\\LAPTOP-DOV4JTLF\D$\GISWorkshop_Communitech\python_data\Traffic_Collisions.shp</linkage><protocol Sync="TRUE">Local Area Network</protocol></itemLocation></itemProps><coordRef><type Sync="TRUE">Projected</type><geogcsn Sync="TRUE">GCS_WGS_1984</geogcsn><csUnits Sync="TRUE">Linear Unit: Meter (1.000000)</csUnits><peXml Sync="TRUE">&lt;ProjectedCoordinateSystem xsi:type='typens:ProjectedCoordinateSystem' xmlns:xsi='http://www.w3.org/2001/XMLSchema-instance' xmlns:xs='http://www.w3.org/2001/XMLSchema' xmlns:typens='http://www.esri.com/schemas/ArcGIS/10.7'&gt;&lt;WKT&gt;PROJCS[&amp;quot;WGS_1984_UTM_Zone_17N&amp;quot;,GEOGCS[&amp;quot;GCS_WGS_1984&amp;quot;,DATUM[&amp;quot;D_WGS_1984&amp;quot;,SPHEROID[&amp;quot;WGS_1984&amp;quot;,6378137.0,298.257223563]],PRIMEM[&amp;quot;Greenwich&amp;quot;,0.0],UNIT[&amp;quot;Degree&amp;quot;,0.0174532925199433]],PROJECTION[&amp;quot;Transverse_Mercator&amp;quot;],PARAMETER[&amp;quot;False_Easting&amp;quot;,500000.0],PARAMETER[&amp;quot;False_Northing&amp;quot;,0.0],PARAMETER[&amp;quot;Central_Meridian&amp;quot;,-81.0],PARAMETER[&amp;quot;Scale_Factor&amp;quot;,0.9996],PARAMETER[&amp;quot;Latitude_Of_Origin&amp;quot;,0.0],UNIT[&amp;quot;Meter&amp;quot;,1.0],AUTHORITY[&amp;quot;EPSG&amp;quot;,32617]]&lt;/WKT&gt;&lt;XOrigin&gt;-5120900&lt;/XOrigin&gt;&lt;YOrigin&gt;-9998100&lt;/YOrigin&gt;&lt;XYScale&gt;450445547.3910538&lt;/XYScale&gt;&lt;ZOrigin&gt;-100000&lt;/ZOrigin&gt;&lt;ZScale&gt;10000&lt;/ZScale&gt;&lt;MOrigin&gt;-100000&lt;/MOrigin&gt;&lt;MScale&gt;10000&lt;/MScale&gt;&lt;XYTolerance&gt;0.001&lt;/XYTolerance&gt;&lt;ZTolerance&gt;0.001&lt;/ZTolerance&gt;&lt;MTolerance&gt;0.001&lt;/MTolerance&gt;&lt;HighPrecision&gt;true&lt;/HighPrecision&gt;&lt;WKID&gt;32617&lt;/WKID&gt;&lt;LatestWKID&gt;32617&lt;/LatestWKID&gt;&lt;/ProjectedCoordinateSystem&gt;</peXml><projcsn Sync="TRUE">WGS_1984_UTM_Zone_17N</projcsn></coordRef><lineage><Process ToolSource="c:\program files (x86)\arcgis\desktop10.7\ArcToolbox\Toolboxes\Data Management Tools.tbx\Merge" Date="20191127" Time="082955">Merge Traffic_Collisions_2012;Traffic_Collisions_2013;Traffic_Collisions_2014;Traffic_Collisions_2015;Traffic_Collisions_2016;Traffic_Collisions_2017;Traffic_Collisions_2018 D:\GISWorkshop_Communitech\Data\TrafficCollisions.shp "OBJECTID "OBJECTID" true true false 10 Long 0 10 ,First,#,Traffic_Collisions_2012,OBJECTID,-1,-1,Traffic_Collisions_2013,OBJECTID,-1,-1,Traffic_Collisions_2014,OBJECTID,-1,-1,Traffic_Collisions_2015,OBJECTID,-1,-1,Traffic_Collisions_2016,OBJECTID,-1,-1,Traffic_Collisions_2017,OBJECTID,-1,-1,Traffic_Collisions_2018,OBJECTID,-1,-1;ACCIDENTNU "ACCIDENTNU" true true false 80 Text 0 0 ,First,#,Traffic_Collisions_2012,ACCIDENTNU,-1,-1,Traffic_Collisions_2013,ACCIDENTNU,-1,-1,Traffic_Collisions_2014,ACCIDENTNU,-1,-1,Traffic_Collisions_2015,ACCIDENTNU,-1,-1,Traffic_Collisions_2016,ACCIDENTNU,-1,-1,Traffic_Collisions_2017,ACCIDENTNU,-1,-1,Traffic_Collisions_2018,ACCIDENTNU,-1,-1;ACCIDENTDA "ACCIDENTDA" true true false 80 Text 0 0 ,First,#,Traffic_Collisions_2012,ACCIDENTDA,-1,-1,Traffic_Collisions_2013,ACCIDENTDA,-1,-1,Traffic_Collisions_2014,ACCIDENTDA,-1,-1,Traffic_Collisions_2015,ACCIDENTDA,-1,-1,Traffic_Collisions_2016,ACCIDENTDA,-1,-1,Traffic_Collisions_2017,ACCIDENTDA,-1,-1,Traffic_Collisions_2018,ACCIDENTDA,-1,-1;LOCATION "LOCATION" true true false 82 Text 0 0 ,First,#,Traffic_Collisions_2012,LOCATION,-1,-1,Traffic_Collisions_2013,LOCATION,-1,-1,Traffic_Collisions_2014,LOCATION,-1,-1,Traffic_Collisions_2015,LOCATION,-1,-1,Traffic_Collisions_2016,LOCATION,-1,-1,Traffic_Collisions_2017,LOCATION,-1,-1,Traffic_Collisions_2018,LOCATION,-1,-1;ACCIDENT_L "ACCIDENT_L" true true false 80 Text 0 0 ,First,#,Traffic_Collisions_2012,ACCIDENT_L,-1,-1,Traffic_Collisions_2013,ACCIDENT_L,-1,-1,Traffic_Collisions_2014,ACCIDENT_L,-1,-1,Traffic_Collisions_2015,ACCIDENT_L,-1,-1,Traffic_Collisions_2016,ACCIDENT_L,-1,-1,Traffic_Collisions_2017,ACCIDENT_L,-1,-1,Traffic_Collisions_2018,ACCIDENT_L,-1,-1;IMPACT_LOC "IMPACT_LOC" true true false 80 Text 0 0 ,First,#,Traffic_Collisions_2012,IMPACT_LOC,-1,-1,Traffic_Collisions_2013,IMPACT_LOC,-1,-1,Traffic_Collisions_2014,IMPACT_LOC,-1,-1,Traffic_Collisions_2015,IMPACT_LOC,-1,-1,Traffic_Collisions_2016,IMPACT_LOC,-1,-1,Traffic_Collisions_2017,IMPACT_LOC,-1,-1,Traffic_Collisions_2018,IMPACT_LOC,-1,-1;ENVIRONMEN "ENVIRONMEN" true true false 80 Text 0 0 ,First,#,Traffic_Collisions_2012,ENVIRONMEN,-1,-1,Traffic_Collisions_2013,ENVIRONMEN,-1,-1,Traffic_Collisions_2014,ENVIRONMEN,-1,-1,Traffic_Collisions_2015,ENVIRONMEN,-1,-1,Traffic_Collisions_2016,ENVIRONMEN,-1,-1,Traffic_Collisions_2017,ENVIRONMEN,-1,-1,Traffic_Collisions_2018,ENVIRONMEN,-1,-1;LIGHT "LIGHT" true true false 80 Text 0 0 ,First,#,Traffic_Collisions_2012,LIGHT,-1,-1,Traffic_Collisions_2013,LIGHT,-1,-1,Traffic_Collisions_2014,LIGHT,-1,-1,Traffic_Collisions_2015,LIGHT,-1,-1,Traffic_Collisions_2016,LIGHT,-1,-1,Traffic_Collisions_2017,LIGHT,-1,-1,Traffic_Collisions_2018,LIGHT,-1,-1;COLLISION_ "COLLISION_" true true false 80 Text 0 0 ,First,#,Traffic_Collisions_2012,COLLISION_,-1,-1,Traffic_Collisions_2013,COLLISION_,-1,-1,Traffic_Collisions_2014,COLLISION_,-1,-1,Traffic_Collisions_2015,COLLISION_,-1,-1,Traffic_Collisions_2016,COLLISION_,-1,-1,Traffic_Collisions_2017,COLLISION_,-1,-1,Traffic_Collisions_2018,COLLISION_,-1,-1;TRAFFICCOL "TRAFFICCOL" true true false 80 Text 0 0 ,First,#,Traffic_Collisions_2012,TRAFFICCOL,-1,-1,Traffic_Collisions_2013,TRAFFICCOL,-1,-1,Traffic_Collisions_2014,TRAFFICCOL,-1,-1,Traffic_Collisions_2015,TRAFFICCOL,-1,-1,Traffic_Collisions_2016,TRAFFICCOL,-1,-1,Traffic_Collisions_2017,TRAFFICCOL,-1,-1,Traffic_Collisions_2018,TRAFFICCOL,-1,-1"</Process><Process ToolSource="c:\program files (x86)\arcgis\desktop10.7\ArcToolbox\Toolboxes\Data Management Tools.tbx\Project" Date="20191127" Time="083738">Project D:\GISWorkshop_Communitech\Data\TrafficCollisions.shp D:\GISWorkshop_Communitech\Plugin\TrafficCollisions.shp PROJCS['WGS_1984_UTM_Zone_17N',GEOGCS['GCS_WGS_1984',DATUM['D_WGS_1984',SPHEROID['WGS_1984',6378137.0,298.257223563]],PRIMEM['Greenwich',0.0],UNIT['Degree',0.0174532925199433]],PROJECTION['Transverse_Mercator'],PARAMETER['False_Easting',500000.0],PARAMETER['False_Northing',0.0],PARAMETER['Central_Meridian',-81.0],PARAMETER['Scale_Factor',0.9996],PARAMETER['Latitude_Of_Origin',0.0],UNIT['Meter',1.0]] # GEOGCS['GCS_WGS_1984',DATUM['D_WGS_1984',SPHEROID['WGS_1984',6378137.0,298.257223563]],PRIMEM['Greenwich',0.0],UNIT['Degree',0.0174532925199433]] NO_PRESERVE_SHAPE # NO_VERTICAL</Process><Process ToolSource="c:\program files (x86)\arcgis\desktop10.7\ArcToolbox\Toolboxes\Data Management Tools.tbx\MultipartToSinglepart" Date="20191128" Time="102119">MultipartToSinglepart D:\GISWorkshop_Communitech\Plugin\TrafficCollisions.shp D:\GISWorkshop_Communitech\python_data\Traffic_Collisions.shp</Process></lineage></DataProperties><SyncDate>20191128</SyncDate><SyncTime>10211700</SyncTime><ModDate>20191128</ModDate><ModTime>10211700</ModTime></Esri><dataIdInfo><envirDesc Sync="TRUE"> Version 6.2 (Build 9200) ; Esri ArcGIS 10.7.1.11595</envirDesc><dataLang><languageCode value="eng" Sync="TRUE"></languageCode><countryCode value="CAN" Sync="TRUE"></countryCode></dataLang><idCitation><resTitle Sync="TRUE">Traffic_Collisions</resTitle><presForm><PresFormCd value="005" Sync="TRUE"></PresFormCd></presForm></idCitation><spatRpType><SpatRepTypCd value="001" Sync="TRUE"></SpatRepTypCd></spatRpType></dataIdInfo><mdLang><languageCode value="eng" Sync="TRUE"></languageCode><countryCode value="CAN" Sync="TRUE"></countryCode></mdLang><mdChar><CharSetCd value="004" Sync="TRUE"></CharSetCd></mdChar><distInfo><distFormat><formatName Sync="TRUE">Shapefile</formatName></distFormat><distTranOps><transSize Sync="TRUE">0.000</transSize></distTranOps></distInfo><mdHrLv><ScopeCd value="005" Sync="TRUE"></ScopeCd></mdHrLv><mdHrLvName Sync="TRUE">dataset</mdHrLvName><refSysInfo><RefSystem><refSysID><identCode code="32617" Sync="TRUE"></identCode><idCodeSpace Sync="TRUE">EPSG</idCodeSpace><idVersion Sync="TRUE">2.1(3.0.1)</idVersion></refSysID></RefSystem></refSysInfo><spatRepInfo><VectSpatRep><geometObjs Name="Traffic_Collisions"><geoObjTyp><GeoObjTypCd value="004" Sync="TRUE"></GeoObjTypCd></geoObjTyp><geoObjCnt Sync="TRUE">0</geoObjCnt></geometObjs><topLvl><TopoLevCd value="001" Sync="TRUE"></TopoLevCd></topLvl></VectSpatRep></spatRepInfo><spdoinfo><ptvctinf><esriterm Name="Traffic_Collisions"><efeatyp Sync="TRUE">Simple</efeatyp><efeageom code="1" Sync="TRUE"></efeageom><esritopo Sync="TRUE">FALSE</esritopo><efeacnt Sync="TRUE">0</efeacnt><spindex Sync="TRUE">FALSE</spindex><linrefer Sync="TRUE">FALSE</linrefer></esriterm></ptvctinf></spdoinfo><eainfo><detailed Name="Traffic_Collisions"><enttyp><enttypl Sync="TRUE">Traffic_Collisions</enttypl><enttypt Sync="TRUE">Feature Class</enttypt><enttypc Sync="TRUE">0</enttypc></enttyp><attr><attrlabl Sync="TRUE">FID</attrlabl><attalias Sync="TRUE">FID</attalias><attrtype Sync="TRUE">OID</attrtype><attwidth Sync="TRUE">4</attwidth><atprecis Sync="TRUE">0</atprecis><attscale Sync="TRUE">0</attscale><attrdef Sync="TRUE">Internal feature number.</attrdef><attrdefs Sync="TRUE">Esri</attrdefs><attrdomv><udom Sync="TRUE">Sequential unique whole numbers that are automatically generated.</udom></attrdomv></attr><attr><attrlabl Sync="TRUE">Shape</attrlabl><attalias Sync="TRUE">Shape</attalias><attrtype Sync="TRUE">Geometry</attrtype><attwidth Sync="TRUE">0</attwidth><atprecis Sync="TRUE">0</atprecis><attscale Sync="TRUE">0</attscale><attrdef Sync="TRUE">Feature geometry.</attrdef><attrdefs Sync="TRUE">Esri</attrdefs><attrdomv><udom Sync="TRUE">Coordinates defining the features.</udom></attrdomv></attr><attr><attrlabl Sync="TRUE">OBJECTID</attrlabl><attalias Sync="TRUE">OBJECTID</attalias><attrtype Sync="TRUE">Integer</attrtype><attwidth Sync="TRUE">10</attwidth><atprecis Sync="TRUE">10</atprecis><attscale Sync="TRUE">0</attscale></attr><attr><attrlabl Sync="TRUE">ACCIDENTNU</attrlabl><attalias Sync="TRUE">ACCIDENTNU</attalias><attrtype Sync="TRUE">String</attrtype><attwidth Sync="TRUE">80</attwidth><atprecis Sync="TRUE">0</atprecis><attscale Sync="TRUE">0</attscale></attr><attr><attrlabl Sync="TRUE">ACCIDENTDA</attrlabl><attalias Sync="TRUE">ACCIDENTDA</attalias><attrtype Sync="TRUE">String</attrtype><attwidth Sync="TRUE">80</attwidth><atprecis Sync="TRUE">0</atprecis><attscale Sync="TRUE">0</attscale></attr><attr><attrlabl Sync="TRUE">LOCATION</attrlabl><attalias Sync="TRUE">LOCATION</attalias><attrtype Sync="TRUE">String</attrtype><attwidth Sync="TRUE">82</attwidth><atprecis Sync="TRUE">0</atprecis><attscale Sync="TRUE">0</attscale></attr><attr><attrlabl Sync="TRUE">ACCIDENT_L</attrlabl><attalias Sync="TRUE">ACCIDENT_L</attalias><attrtype Sync="TRUE">String</attrtype><attwidth Sync="TRUE">80</attwidth><atprecis Sync="TRUE">0</atprecis><attscale Sync="TRUE">0</attscale></attr><attr><attrlabl Sync="TRUE">IMPACT_LOC</attrlabl><attalias Sync="TRUE">IMPACT_LOC</attalias><attrtype Sync="TRUE">String</attrtype><attwidth Sync="TRUE">80</attwidth><atprecis Sync="TRUE">0</atprecis><attscale Sync="TRUE">0</attscale></attr><attr><attrlabl Sync="TRUE">ENVIRONMEN</attrlabl><attalias Sync="TRUE">ENVIRONMEN</attalias><attrtype Sync="TRUE">String</attrtype><attwidth Sync="TRUE">80</attwidth><atprecis Sync="TRUE">0</atprecis><attscale Sync="TRUE">0</attscale></attr><attr><attrlabl Sync="TRUE">LIGHT</attrlabl><attalias Sync="TRUE">LIGHT</attalias><attrtype Sync="TRUE">String</attrtype><attwidth Sync="TRUE">80</attwidth><atprecis Sync="TRUE">0</atprecis><attscale Sync="TRUE">0</attscale></attr><attr><attrlabl Sync="TRUE">COLLISION_</attrlabl><attalias Sync="TRUE">COLLISION_</attalias><attrtype Sync="TRUE">String</attrtype><attwidth Sync="TRUE">80</attwidth><atprecis Sync="TRUE">0</atprecis><attscale Sync="TRUE">0</attscale></attr><attr><attrlabl Sync="TRUE">TRAFFICCOL</attrlabl><attalias Sync="TRUE">TRAFFICCOL</attalias><attrtype Sync="TRUE">String</attrtype><attwidth Sync="TRUE">80</attwidth><atprecis Sync="TRUE">0</atprecis><attscale Sync="TRUE">0</attscale></attr><attr><attrlabl Sync="TRUE">ORIG_FID</attrlabl><attalias Sync="TRUE">ORIG_FID</attalias><attrtype Sync="TRUE">Integer</attrtype><attwidth Sync="TRUE">10</attwidth><atprecis Sync="TRUE">10</atprecis><attscale Sync="TRUE">0</attscale></attr></detailed></eainfo><mdDateSt Sync="TRUE">20191128</mdDateSt></metadata>
